iter	CrossEntropy
0	0.6924120637
1	0.691731583
2	0.6910668806
3	0.6904582026
4	0.6898488897
5	0.6891479786
6	0.6885659806
7	0.6880220963
8	0.6872788899
9	0.686531359
